Date,Price,Open,High,Low,Vol.,Change %
2/19/2023,"1,817.10","1,851.20","1,856.35","1,815.50",NA,-1.27%
2/12/2023,"1,840.40","1,859.00","1,862.00","1,818.40",1.82K,-1.20%
2/5/2023,"1,862.80","1,865.60","1,884.60","1,852.40",1.17K,-0.01%
1/29/2023,"1,862.90","1,928.30","1,959.10","1,861.50",32.17K,-3.45%
1/22/2023,"1,929.40","1,928.40","1,949.80","1,912.50",805.36K,0.06%
1/15/2023,"1,928.20","1,923.80","1,939.00","1,898.60",701.58K,0.34%
1/8/2023,"1,921.70","1,872.80","1,925.30","1,869.30",862.49K,2.78%
1/1/2023,"1,869.70","1,831.80","1,875.20","1,829.90",599.23K,2.38%
12/25/2022,"1,826.20","1,808.20","1,841.90","1,804.20",383.68K,1.22%
12/18/2022,"1,804.20","1,801.60","1,833.80","1,792.70",569.54K,0.22%
12/11/2022,"1,800.20","1,808.00","1,836.90","1,782.00",667.81K,-0.58%
12/4/2022,"1,810.70","1,810.50","1,822.90","1,778.10",579.52K,0.06%
11/27/2022,"1,809.60","1,771.10","1,818.70","1,752.90",674.26K,2.31%
11/20/2022,"1,768.80","1,766.60","1,776.00","1,733.50",262.76K,0.82%
11/13/2022,"1,754.40","1,769.40","1,791.80","1,749.20",844.22K,-0.85%
11/6/2022,"1,769.40","1,678.60","1,775.60","1,667.10",1.03M,5.54%
10/30/2022,"1,676.60","1,647.20","1,686.40","1,618.30",802.01K,1.93%
10/23/2022,"1,644.80","1,662.90","1,679.40","1,640.70",730.03K,-0.69%
10/16/2022,"1,656.30","1,649.90","1,674.30","1,621.10",655.04K,0.45%
10/9/2022,"1,648.90","1,703.40","1,707.40","1,645.60",697.74K,-3.53%
10/2/2022,"1,709.30","1,670.50","1,738.70","1,666.50",733.24K,2.23%
9/25/2022,"1,672.00","1,643.00","1,684.40","1,618.00",385.32K,1.33%
9/18/2022,"1,650.00","1,680.20","1,688.00","1,642.70",2.10K,-1.66%
9/11/2022,"1,677.90","1,731.00","1,737.30","1,659.10",1.03K,-2.65%
9/4/2022,"1,723.60","1,719.70","1,726.40","1,713.50",0.25K,0.34%
8/28/2022,"1,717.70","1,740.10","1,748.60","1,707.00",4.70K,-1.32%
8/21/2022,"1,740.60","1,750.50","1,769.30","1,730.40",29.63K,-0.71%
8/14/2022,"1,753.00","1,808.20","1,808.20","1,749.50",25.51K,-2.89%
8/7/2022,"1,805.20","1,780.30","1,814.40","1,776.20",29.18K,1.39%
7/31/2022,"1,780.50","1,772.20","1,801.00","1,759.70",41.19K,0.51%
7/24/2022,"1,771.50","1,730.10","1,774.20","1,713.80",32.23K,2.32%
7/17/2022,"1,731.40","1,710.30","1,740.30","1,682.80",2.05K,1.40%
7/10/2022,"1,707.50","1,741.80","1,748.20","1,700.60",1.85K,-2.24%
7/3/2022,"1,746.70","1,817.00","1,817.00","1,736.80",3.80K,-3.28%
6/26/2022,"1,805.90","1,839.60","1,842.80","1,788.90",255.55K,-1.33%
6/19/2022,"1,830.30","1,840.60","1,850.30","1,817.70",632.65K,-0.56%
6/12/2022,"1,840.60","1,879.00","1,882.50","1,806.10",943.72K,-1.86%
6/5/2022,"1,875.50","1,853.70","1,879.60","1,826.50",735.03K,1.37%
5/29/2022,"1,850.20","1,856.50","1,878.60","1,830.20",602.65K,-0.38%
5/22/2022,"1,857.30","1,847.40","1,871.30","1,840.40",127.52K,0.68%
5/15/2022,"1,844.70","1,815.00","1,850.40","1,790.00",1.21K,1.84%
5/8/2022,"1,811.30","1,883.60","1,883.60","1,801.20",0.36K,-3.97%
5/1/2022,"1,886.20","1,894.50","1,910.20","1,859.70",0.33K,-1.51%
4/24/2022,"1,915.10","1,931.90","1,935.50","1,881.60",575.90K,-0.99%
4/17/2022,"1,934.30","1,978.50","2,003.00","1,928.00",790.68K,-2.06%
4/10/2022,"1,974.90","1,949.60","1,985.80","1,942.90",628.22K,1.51%
4/3/2022,"1,945.60","1,927.10","1,952.20","1,916.20",674.97K,1.14%
3/27/2022,"1,923.70","1,959.10","1,962.00","1,891.00",430.00K,-1.70%
3/20/2022,"1,956.90","1,922.70","1,969.50","1,913.60",4.38K,1.30%
3/13/2022,"1,931.70","1,985.60","1,990.00","1,898.60",1.78K,-2.81%
3/6/2022,"1,987.60","1,984.30","2,078.70","1,965.40",5.47K,0.95%
2/27/2022,"1,968.90","1,913.00","1,974.00","1,896.10",2.51K,4.22%
2/20/2022,"1,889.20","1,903.50","1,976.50","1,878.60",912.48K,-0.56%
2/13/2022,"1,899.80","1,862.20","1,905.00","1,845.40",1.02M,3.13%
2/6/2022,"1,842.10","1,808.00","1,867.40","1,807.50",885.49K,1.90%
1/30/2022,"1,807.80","1,792.80","1,815.80","1,785.80",742.75K,1.19%
1/23/2022,"1,786.60","1,835.30","1,855.60","1,780.60",222.82K,-2.56%
1/16/2022,"1,833.50","1,818.70","1,850.10","1,806.90",2.05K,0.84%
1/9/2022,"1,818.30","1,799.70","1,830.60","1,792.50",1.17K,1.06%
1/2/2022,"1,799.30","1,826.80","1,831.50","1,784.00",3.99K,-1.66%
12/26/2021,"1,829.70","1,810.20","1,830.20","1,789.10",323.48K,0.99%
12/19/2021,"1,811.70","1,800.20","1,812.00","1,785.00",454.79K,0.38%
12/12/2021,"1,804.90","1,784.20","1,815.70","1,753.00",744.79K,1.13%
12/5/2021,"1,784.80","1,787.70","1,794.30","1,770.40",610.03K,0.05%
11/28/2021,"1,783.90","1,795.20","1,811.40","1,762.20",922.46K,-0.17%
11/21/2021,"1,786.90","1,843.00","1,851.10","1,779.20",6.99K,-3.56%
11/14/2021,"1,852.90","1,870.10","1,880.10","1,846.00",2.16K,-0.90%
11/7/2021,"1,869.70","1,818.50","1,872.20","1,815.50",0.92K,2.84%
10/31/2021,"1,818.00","1,785.50","1,820.70","1,762.30",0.30K,1.85%
10/24/2021,"1,784.90","1,794.20","1,811.50","1,776.90",534.34K,-0.63%
10/17/2021,"1,796.30","1,767.50","1,815.50","1,760.30",945.33K,1.58%
10/10/2021,"1,768.30","1,757.40","1,801.90","1,749.90",949.20K,0.62%
10/3/2021,"1,757.40","1,762.60","1,782.40","1,745.40",863.60K,-0.06%
9/26/2021,"1,758.40","1,749.20","1,765.20","1,721.10",576.82K,0.43%
9/19/2021,"1,750.90","1,752.20","1,784.50","1,740.00",2.46K,0.02%
9/12/2021,"1,750.50","1,788.30","1,808.00","1,744.70",0.59K,-2.26%
9/5/2021,"1,791.00","1,824.00","1,824.40","1,785.00",0.07K,-2.27%
8/29/2021,"1,832.60","1,817.10","1,834.20","1,808.40",0.06K,0.85%
8/22/2021,"1,817.20","1,780.10","1,819.60","1,775.90",30.43K,1.99%
8/15/2021,"1,781.80","1,779.50","1,795.00","1,769.80",21.42K,0.33%
8/8/2021,"1,776.00","1,763.00","1,779.60","1,676.40",38.19K,0.85%
8/1/2021,"1,761.10","1,814.60","1,833.40","1,757.30",46.31K,-2.94%
7/25/2021,"1,814.50","1,803.40","1,834.70","1,792.80",28.08K,0.64%
7/18/2021,"1,802.90","1,813.60","1,826.20","1,790.20",3.11K,-0.72%
7/11/2021,"1,815.90","1,809.00","1,834.50","1,793.10",0.88K,0.24%
7/4/2021,"1,811.50","1,790.70","1,819.90","1,790.10",0.91K,1.54%
6/27/2021,"1,784.10","1,782.00","1,793.60","1,756.70",161.03K,0.35%
6/20/2021,"1,777.80","1,764.30","1,795.60","1,764.10",860.98K,0.50%
6/13/2021,"1,769.00","1,879.60","1,879.70","1,761.20",1.28M,-5.88%
6/6/2021,"1,879.60","1,894.30","1,906.90","1,871.80",937.96K,-0.66%
5/30/2021,"1,892.00","1,906.80","1,919.20","1,855.60",964.09K,-0.70%
5/23/2021,"1,905.30","1,884.30","1,914.00","1,874.30",414.27K,1.48%
5/16/2021,"1,877.60","1,843.00","1,891.90","1,843.00",3.68K,2.09%
5/9/2021,"1,839.10","1,835.30","1,847.00","1,814.70",1.33K,0.37%
5/2/2021,"1,832.40","1,774.80","1,844.30","1,772.90",1.04K,3.61%
4/25/2021,"1,768.60","1,776.10","1,785.90","1,761.80",489.93K,-0.52%
4/18/2021,"1,777.80","1,778.80","1,798.40","1,763.50",863.34K,-0.13%
4/11/2021,"1,780.20","1,744.50","1,784.70","1,723.20",817.86K,2.03%
4/4/2021,"1,744.80","1,730.00","1,759.40","1,721.60",693.12K,0.95%
3/28/2021,"1,728.40","1,732.50","1,732.70","1,677.30",609.64K,-0.30%
3/21/2021,"1,733.60","1,747.80","1,747.80","1,721.00",2.66K,-0.53%
3/14/2021,"1,742.90","1,729.30","1,752.60","1,719.80",1.63K,1.26%
3/7/2021,"1,721.20","1,703.90","1,738.00","1,677.20",0.93K,1.23%
2/28/2021,"1,700.30","1,739.00","1,755.00","1,686.00",0.38K,-1.72%
2/21/2021,"1,730.10","1,782.00","1,815.20","1,720.00",636.55K,-2.66%
2/14/2021,"1,777.40","1,826.00","1,827.10","1,759.00",1.09M,-2.51%
2/7/2021,"1,823.20","1,818.10","1,856.60","1,807.30",827.32K,0.56%
1/31/2021,"1,813.00","1,865.00","1,876.00","1,784.60",1.10M,-2.02%
1/24/2021,"1,850.30","1,856.40","1,878.90","1,831.00",557.50K,-0.41%
1/17/2021,"1,857.90","1,830.60","1,876.60","1,804.20",2.80K,1.43%
1/10/2021,"1,831.70","1,851.20","1,865.40","1,822.00",1.15K,-0.30%
1/3/2021,"1,837.30","1,917.80","1,961.40","1,831.40",2.08K,-3.16%
12/27/2020,"1,897.30","1,887.00","1,904.10","1,873.00",346.03K,0.75%
12/20/2020,"1,883.20","1,892.90","1,912.00","1,859.00",660.00K,-0.30%
12/13/2020,"1,888.90","1,845.00","1,902.00","1,820.00",914.87K,2.46%
12/6/2020,"1,843.60","1,841.10","1,879.80","1,824.80",899.02K,0.20%
11/29/2020,"1,840.00","1,790.80","1,852.70","1,767.20",983.32K,2.90%
11/22/2020,"1,788.10","1,872.90","1,877.50","1,776.50",285.83K,-4.67%
11/15/2020,"1,875.70","1,891.50","1,902.00","1,854.50",1.56K,-0.79%
11/8/2020,"1,890.70","1,960.00","1,963.40","1,856.00",4.85K,-3.30%
11/1/2020,"1,955.30","1,891.00","1,964.20","1,891.00",0.13K,3.81%
10/25/2020,"1,883.50","1,906.00","1,913.80","1,869.10",616.70K,-1.14%
10/18/2020,"1,905.20","1,903.20","1,936.00","1,894.20",913.58K,-0.06%
10/11/2020,"1,906.40","1,935.00","1,939.40","1,885.00",973.54K,-1.03%
10/4/2020,"1,926.20","1,910.90","1,936.80","1,877.10",1.00M,0.98%
9/27/2020,"1,907.60","1,860.40","1,923.60","1,848.00",953.36K,2.44%
9/20/2020,"1,862.20","1,954.80","1,956.30","1,850.00",1.43K,-4.87%
9/13/2020,"1,957.50","1,943.40","1,975.00","1,935.00",0.42K,0.73%
9/6/2020,"1,943.30","1,937.40","1,966.80","1,909.00",0.19K,0.66%
8/30/2020,"1,930.60","1,977.70","1,978.70","1,920.00",0.09K,-2.04%
8/23/2020,"1,970.80","1,938.90","1,978.50","1,901.40",57.71K,1.68%
8/16/2020,"1,938.30","1,948.20","2,016.60","1,909.60",81.36K,-0.21%
8/9/2020,"1,942.30","2,034.50","2,050.90","1,865.00",88.46K,-3.75%
8/2/2020,"2,018.00","1,985.20","2,078.00","1,963.50",97.36K,2.23%
7/26/2020,"1,973.90","1,905.00","1,992.40","1,903.60",49.16K,3.75%
7/19/2020,"1,902.50","1,817.30","1,910.20","1,812.90",5.39K,4.76%
7/12/2020,"1,816.00","1,810.60","1,825.60","1,800.20",0.66K,0.41%
7/5/2020,"1,808.60","1,793.70","1,833.00","1,787.60",0.82K,0.37%
7/2/2020,"1,801.90","1,787.90","1,829.80","1,779.20",1.16M,0.34%
6/28/2020,"1,795.80","1,788.10","1,813.10","1,773.10",0.26K,0.87%
6/21/2020,"1,780.30","1,765.80","1,796.10","1,753.50",1.02M,1.56%
6/14/2020,"1,753.00","1,740.70","1,760.90","1,706.20",859.78K,0.90%
6/7/2020,"1,737.30","1,686.70","1,754.90","1,680.70",893.19K,3.23%
5/31/2020,"1,683.00","1,749.80","1,761.00","1,671.70",1.05M,-3.92%
5/24/2020,"1,751.70","1,739.80","1,754.50","1,693.10",321.42K,0.42%
5/17/2020,"1,744.30","1,766.90","1,780.00","1,723.40",1.90K,-0.98%
5/10/2020,"1,761.50","1,714.20","1,765.30","1,700.20",0.76K,2.45%
5/3/2020,"1,719.30","1,710.90","1,738.60","1,691.00",0.49K,0.87%
4/26/2020,"1,704.40","1,745.00","1,745.80","1,682.70",318.12K,-1.80%
4/19/2020,"1,735.60","1,693.00","1,764.20","1,666.20",1.01M,2.17%
4/12/2020,"1,698.80","1,742.30","1,788.80","1,691.20",1.03M,-3.08%
4/5/2020,"1,752.80","1,647.70","1,754.50","1,638.20",741.38K,6.51%
3/29/2020,"1,645.70","1,663.40","1,673.60","1,576.00",805.72K,0.27%
3/22/2020,"1,641.30","1,509.40","1,696.30","1,488.00",9.65K,10.41%
3/15/2020,"1,486.50","1,573.60","1,573.80","1,453.60",3.85K,-2.09%
3/8/2020,"1,518.20","1,691.00","1,704.30","1,511.40",3.40K,-9.32%
3/1/2020,"1,674.30","1,593.80","1,692.30","1,580.00",0.99K,6.69%
2/23/2020,"1,569.30","1,656.00","1,691.70","1,569.10",1.89M,-4.82%
2/16/2020,"1,648.80","1,585.10","1,652.10","1,581.80",1.61M,3.93%
2/9/2020,"1,586.40","1,575.80","1,588.20","1,564.40",1.12M,0.83%
2/2/2020,"1,573.40","1,597.80","1,598.50","1,551.10",1.49M,-0.91%
1/26/2020,"1,587.90","1,580.90","1,595.50","1,565.00",735.22K,0.81%
1/19/2020,"1,575.20","1,567.00","1,578.50","1,549.20",7.54K,0.74%
1/12/2020,"1,563.60","1,563.70","1,564.90","1,539.60",4.35K,0.00%
1/5/2020,"1,563.60","1,559.10","1,615.70","1,546.40",5.09K,0.52%
12/29/2019,"1,555.50","1,525.10","1,558.30","1,524.30",0.39K,2.46%
12/22/2019,"1,518.10","1,482.40","1,519.90","1,481.20",767.74K,2.51%
12/15/2019,"1,480.90","1,480.00","1,485.80","1,474.30",879.03K,-0.02%
12/8/2019,"1,481.20","1,464.10","1,491.60","1,463.00",1.42M,1.10%
12/1/2019,"1,465.10","1,470.30","1,489.90","1,459.80",1.59M,-0.52%
11/24/2019,"1,472.70","1,464.10","1,472.90","1,454.10",507.93K,0.37%
11/17/2019,"1,467.30","1,472.80","1,482.30","1,462.00",4.38K,-0.32%
11/10/2019,"1,472.00","1,463.40","1,478.50","1,450.00",1.24K,0.38%
11/3/2019,"1,466.40","1,518.30","1,519.40","1,461.50",1.04K,-3.20%
10/27/2019,"1,514.90","1,507.40","1,521.10","1,485.60",610.12K,0.64%
10/20/2019,"1,505.30","1,495.60","1,520.90","1,484.00",1.41M,0.75%
10/13/2019,"1,494.10","1,492.00","1,503.00","1,480.60",1.45M,0.36%
10/6/2019,"1,488.70","1,518.60","1,522.30","1,478.00",1.82M,-1.60%
9/29/2019,"1,512.90","1,501.70","1,525.80","1,465.00",2.04M,0.43%
9/22/2019,"1,506.40","1,520.00","1,538.90","1,493.30",454.97K,-0.37%
9/15/2019,"1,512.00","1,508.40","1,520.40","1,489.80",0.37K,1.02%
9/8/2019,"1,496.80","1,517.00","1,526.70","1,491.90",0.62K,-1.03%
9/1/2019,"1,512.40","1,531.90","1,561.90","1,508.10",0.06K,-0.90%
8/25/2019,"1,526.20","1,537.50","1,558.60","1,528.70",42.04K,-0.34%
8/18/2019,"1,531.40","1,516.90","1,534.00","1,496.10",43.63K,0.92%
8/11/2019,"1,517.50","1,502.90","1,539.50","1,483.00",56.34K,1.03%
8/4/2019,"1,502.00","1,446.30","1,516.20","1,443.00",68.89K,3.47%
7/28/2019,"1,451.60","1,423.20","1,455.90","1,406.40",53.47K,1.97%
7/21/2019,"1,423.50","1,431.80","1,438.00","1,414.10",10.38K,-0.46%
7/14/2019,"1,430.10","1,417.50","1,457.10","1,405.40",5.29K,1.00%
7/7/2019,"1,415.90","1,404.30","1,431.30","1,392.80",1.85K,0.89%
6/30/2019,"1,403.40","1,399.60","1,442.90","1,388.60",1.00K,-0.94%
6/23/2019,"1,416.70","1,403.90","1,442.90","1,403.60",1.44M,1.19%
6/16/2019,"1,400.10","1,345.50","1,415.40","1,336.60",2.01M,4.14%
6/9/2019,"1,344.50","1,341.20","1,362.20","1,323.60",1.24M,-0.12%
6/2/2019,"1,346.10","1,312.50","1,352.70","1,310.90",1.69M,2.67%
5/26/2019,"1,311.10","1,287.20","1,311.90","1,278.50",627.61K,1.92%
5/19/2019,"1,286.40","1,281.60","1,289.80","1,272.00",1.76K,0.59%
5/12/2019,"1,278.90","1,291.10","1,304.80","1,278.00",1.07K,-0.88%
5/5/2019,"1,290.20","1,286.10","1,295.00","1,282.30",0.17K,0.46%
4/28/2019,"1,284.30","1,285.00","1,290.40","1,272.70",0.11K,-0.35%
4/21/2019,"1,288.80","1,278.00","1,290.90","1,267.90",1.18M,1.00%
4/14/2019,"1,276.00","1,294.00","1,295.20","1,273.00",1.01M,-1.48%
4/7/2019,"1,295.20","1,295.80","1,314.70","1,292.90",1.14M,-0.03%
3/31/2019,"1,295.60","1,297.20","1,301.70","1,284.90",1.12M,-0.22%
3/24/2019,"1,298.50","1,316.20","1,326.50","1,291.30",701.55K,-1.28%
3/17/2019,"1,315.40","1,303.00","1,322.40","1,301.50",5.17K,0.74%
3/10/2019,"1,305.80","1,300.90","1,314.50","1,294.10",2.14K,0.24%
3/3/2019,"1,302.70","1,297.60","1,303.10","1,286.00",0.64K,0.02%
2/24/2019,"1,302.50","1,331.90","1,334.90","1,297.00",367.47K,-2.27%
2/17/2019,"1,332.80","1,325.00","1,349.80","1,323.30",1.12M,0.81%
2/10/2019,"1,322.10","1,318.10","1,325.80","1,304.70",939.76K,0.27%
2/3/2019,"1,318.50","1,322.60","1,323.60","1,306.40",728.26K,-0.27%
1/27/2019,"1,322.10","1,302.20","1,331.10","1,299.50",700.64K,1.65%
1/20/2019,"1,300.70","1,284.50","1,305.30","1,278.70",4.44K,1.24%
1/13/2019,"1,284.80","1,296.40","1,299.40","1,282.50",2.58K,-0.63%
1/6/2019,"1,292.90","1,290.20","1,300.90","1,284.60",0.91K,0.29%
12/30/2018,"1,289.20","1,284.00","1,301.90","1,282.30",1.01K,0.24%
12/23/2018,"1,286.10","1,260.70","1,282.30","1,260.00",559.28K,2.23%
12/16/2018,"1,258.10","1,242.80","1,270.30","1,239.40",1.14M,1.35%
12/9/2018,"1,241.40","1,255.60","1,256.60","1,236.50",896.70K,-0.89%
12/2/2018,"1,252.60","1,227.80","1,255.80","1,226.60",1.05M,2.17%
11/25/2018,"1,226.00","1,226.60","1,234.90","1,214.50",419.30K,-0.05%
11/18/2018,"1,226.60","1,225.70","1,232.90","1,222.70",1.80K,0.02%
11/11/2018,"1,226.40","1,214.00","1,229.10","1,201.70",1.97K,1.14%
11/4/2018,"1,212.60","1,233.80","1,241.70","1,211.50",4.08K,-1.97%
10/28/2018,"1,237.00","1,236.40","1,240.70","1,218.30",235.18K,0.10%
10/21/2018,"1,235.80","1,230.50","1,246.00","1,222.80",1.26M,0.58%
10/14/2018,"1,228.70","1,221.20","1,236.90","1,220.40",1.20M,0.55%
10/7/2018,"1,222.00","1,206.70","1,230.00","1,186.00",1.66M,1.36%
9/30/2018,"1,205.60","1,196.10","1,212.30","1,188.10",1.39M,0.79%
9/23/2018,"1,196.20","1,201.20","1,205.00","1,184.30",659.61K,-0.20%
9/16/2018,"1,198.60","1,198.50","1,212.10","1,194.20",0.69K,0.00%
9/9/2018,"1,198.60","1,198.80","1,213.30","1,190.10",0.29K,0.07%
9/2/2018,"1,197.80","1,201.80","1,209.00","1,193.30",0.10K,-0.52%
8/26/2018,"1,204.10","1,209.20","1,215.70","1,201.00",34.63K,-0.37%
8/19/2018,"1,208.60","1,185.50","1,210.40","1,184.90",31.28K,2.44%
8/12/2018,"1,179.80","1,214.20","1,216.50","1,162.70",32.62K,-2.83%
8/5/2018,"1,214.20","1,216.70","1,220.70","1,208.50",23.72K,-0.32%
7/29/2018,"1,218.10","1,226.50","1,232.60","1,207.40",47.54K,-0.68%
7/22/2018,"1,226.50","1,234.20","1,237.70","1,220.00",4.96K,-0.58%
7/15/2018,"1,233.60","1,245.20","1,248.00","1,213.40",2.39K,-0.82%
7/8/2018,"1,243.80","1,260.40","1,269.80","1,239.50",1.66K,-1.20%
7/1/2018,"1,258.90","1,256.00","1,263.60","1,242.10",0.42K,0.13%
6/24/2018,"1,257.30","1,272.20","1,274.40","1,252.20",712.48K,-1.05%
6/17/2018,"1,270.70","1,281.10","1,286.80","1,262.40",1.18M,-0.61%
6/10/2018,"1,278.50","1,303.50","1,313.00","1,277.90",1.58M,-1.86%
6/3/2018,"1,302.70","1,296.70","1,307.80","1,293.50",1.22M,0.26%
5/27/2018,"1,299.30","1,302.80","1,311.50","1,293.10",974.79K,-0.54%
5/20/2018,"1,306.40","1,293.90","1,309.60","1,284.60",3.65K,0.95%
5/13/2018,"1,294.10","1,322.50","1,325.20","1,287.00",0.90K,-2.24%
5/6/2018,"1,323.80","1,323.00","1,328.40","1,309.00",0.67K,0.46%
4/29/2018,"1,317.70","1,311.00","1,321.50","1,307.90",0.24K,-0.66%
4/22/2018,"1,326.50","1,336.20","1,337.60","1,316.20",1.14M,-0.88%
4/15/2018,"1,338.30","1,349.80","1,359.00","1,337.00",1.48M,-0.71%
4/8/2018,"1,347.90","1,338.00","1,369.40","1,330.10",1.67M,0.88%
4/1/2018,"1,336.10","1,330.70","1,352.50","1,322.60",1.55M,0.66%
3/25/2018,"1,327.30","1,350.90","1,358.50","1,325.40",641.41K,-1.86%
3/18/2018,"1,352.40","1,315.80","1,352.80","1,309.30",2.62K,2.86%
3/11/2018,"1,314.80","1,326.90","1,332.90","1,312.00",1.18K,-0.90%
3/4/2018,"1,326.70","1,330.50","1,344.00","1,316.60",1.55K,0.06%
2/25/2018,"1,325.90","1,330.40","1,342.90","1,308.30",247.79K,-0.33%
2/18/2018,"1,330.30","1,350.20","1,354.00","1,322.90",1.00M,-1.91%
2/11/2018,"1,356.20","1,317.10","1,364.40","1,316.30",1.35M,3.08%
2/4/2018,"1,315.70","1,334.60","1,349.30","1,309.00",1.81M,-1.62%
1/28/2018,"1,337.30","1,351.60","1,354.30","1,330.10",1.53M,-1.26%
1/21/2018,"1,354.40","1,337.40","1,367.50","1,331.40",6.95K,1.43%
1/14/2018,"1,335.30","1,339.20","1,346.50","1,326.90",1.67K,-0.14%
1/7/2018,"1,337.20","1,323.80","1,342.00","1,312.30",2.14K,1.13%
1/1/2018,"1,322.30","1,305.30","1,327.30","1,304.60",1.33M,-0.17%
12/31/2017,"1,324.50","1,311.00","1,329.30","1,310.00",1.72K,1.16%
12/25/2017,"1,309.30","1,279.00","1,309.80","1,277.70",807.36K,-0.16%
12/24/2017,"1,311.40","1,279.00","1,308.80","1,277.70",340.43K,2.55%
12/17/2017,"1,278.80","1,257.80","1,280.40","1,255.30",1.02M,1.69%
12/10/2017,"1,257.50","1,249.20","1,264.50","1,238.30",1.26M,0.73%
12/3/2017,"1,248.40","1,277.60","1,280.50","1,244.40",1.45M,-2.64%
11/26/2017,"1,282.30","1,292.00","1,300.70","1,273.10",1.19M,-0.54%
11/19/2017,"1,289.20","1,294.50","1,296.10","1,275.90",2.14K,-0.69%
11/12/2017,"1,298.20","1,277.00","1,298.20","1,273.10",1.42K,1.75%
11/5/2017,"1,275.90","1,271.10","1,290.00","1,271.10",1.43K,0.40%
10/29/2017,"1,270.80","1,275.10","1,285.80","1,268.60",0.47K,-0.08%
10/22/2017,"1,271.80","1,281.50","1,285.30","1,263.80",1.68M,-0.68%
10/15/2017,"1,280.50","1,306.00","1,308.40","1,277.60",1.54M,-1.85%
10/8/2017,"1,304.60","1,278.60","1,306.40","1,277.70",1.32M,2.33%
10/1/2017,"1,274.90","1,282.20","1,285.00","1,262.80",1.35M,-0.77%
9/24/2017,"1,284.80","1,294.70","1,313.90","1,278.20",577.86K,-0.78%
9/17/2017,"1,294.90","1,318.60","1,320.40","1,289.00",1.77K,-2.12%
9/10/2017,"1,322.90","1,346.00","1,346.00","1,317.80",0.58K,-1.94%
9/3/2017,"1,349.10","1,338.10","1,359.00","1,330.40",0.75K,1.55%
8/27/2017,"1,328.50","1,294.10","1,329.00","1,294.00",49.44K,2.63%
8/20/2017,"1,294.50","1,285.50","1,297.70","1,277.00",26.17K,0.48%
8/13/2017,"1,288.30","1,292.90","1,303.50","1,269.40",30.72K,-0.19%
8/6/2017,"1,290.70","1,261.40","1,294.60","1,254.00",30.22K,2.33%
7/30/2017,"1,261.30","1,273.00","1,276.90","1,256.90",39.24K,-0.83%
7/23/2017,"1,271.90","1,256.00","1,273.70","1,244.80",26.51K,1.27%
7/16/2017,"1,256.00","1,230.60","1,256.30","1,230.60",2.61K,2.19%
7/9/2017,"1,229.10","1,212.60","1,234.00","1,205.90",1.60K,1.46%
7/2/2017,"1,211.40","1,244.40","1,244.40","1,209.80",1.26K,-2.63%
6/25/2017,"1,244.10","1,258.10","1,259.00","1,236.50",636.42K,-0.98%
6/18/2017,"1,256.40","1,255.80","1,260.00","1,241.70",885.56K,-0.01%
6/11/2017,"1,256.50","1,269.70","1,284.20","1,252.70",1.10M,-1.17%
6/4/2017,"1,271.40","1,282.60","1,298.80","1,266.70",1.09M,-0.69%
5/28/2017,"1,280.20","1,271.20","1,282.20","1,261.30",943.99K,0.83%
5/21/2017,"1,269.70","1,259.00","1,271.00","1,249.80",3.88K,1.16%
5/14/2017,"1,255.20","1,230.00","1,266.70","1,229.90",2.53K,2.11%
5/7/2017,"1,229.30","1,224.20","1,238.00","1,216.00",2.42K,0.07%
4/30/2017,"1,228.50","1,266.40","1,267.70","1,228.10",0.51K,-3.27%
4/23/2017,"1,270.00","1,280.00","1,280.00","1,260.70",797.71K,-1.48%
4/16/2017,"1,289.10","1,292.40","1,297.40","1,275.40",1.21M,0.05%
4/9/2017,"1,288.50","1,255.60","1,290.70","1,248.20",960.90K,2.48%
4/2/2017,"1,257.30","1,251.90","1,273.30","1,245.40",1.08M,0.49%
3/26/2017,"1,251.20","1,251.70","1,262.40","1,241.50",386.76K,0.09%
3/19/2017,"1,250.10","1,231.60","1,254.50","1,228.40",2.74K,1.49%
3/12/2017,"1,231.70","1,207.00","1,234.00","1,198.30",2.58K,2.39%
3/5/2017,"1,203.00","1,235.10","1,236.40","1,197.20",2.28K,-2.04%
2/26/2017,"1,228.10","1,254.70","1,258.40","1,224.90",0.68K,-2.40%
2/19/2017,"1,258.30","1,236.40","1,261.20","1,226.80",945.95K,1.55%
2/12/2017,"1,239.10","1,234.20","1,245.10","1,217.50",1.01M,0.26%
2/5/2017,"1,235.90","1,221.90","1,246.60","1,220.80",1.11M,1.24%
1/29/2017,"1,220.80","1,194.60","1,227.50","1,190.00",1.11M,2.61%
1/22/2017,"1,189.80","1,210.80","1,220.60","1,181.70",7.14K,-1.34%
1/15/2017,"1,206.00","1,200.80","1,220.00","1,197.30",3.31K,0.71%
1/8/2017,"1,197.50","1,174.90","1,208.10","1,174.60",1.66K,2.05%
1/2/2017,"1,173.40","1,151.40","1,185.90","1,146.50",907.61K,-0.12%
1/1/2017,"1,174.80","1,154.00","1,186.50","1,148.10",0.85K,2.01%
12/26/2016,"1,151.70","1,135.30","1,164.30","1,132.80",522.84K,-0.10%
12/25/2016,"1,152.90","1,135.30","1,163.10","1,132.80",226.83K,1.70%
12/18/2016,"1,133.60","1,136.10","1,144.40","1,127.30",574.40K,-0.33%
12/11/2016,"1,137.40","1,161.40","1,168.00","1,124.30",984.30K,-2.11%
12/4/2016,"1,161.90","1,182.60","1,190.20","1,157.60",815.45K,-1.35%
11/27/2016,"1,177.80","1,185.60","1,198.40","1,162.20",874.88K,-0.15%
11/20/2016,"1,179.60","1,209.30","1,222.20","1,172.00",4.24K,-2.52%
11/13/2016,"1,210.10","1,229.80","1,234.10","1,204.00",2.28K,-1.26%
11/6/2016,"1,225.60","1,293.00","1,339.00","1,222.80",2.52K,-6.19%
10/30/2016,"1,306.50","1,277.90","1,310.70","1,275.00",0.73K,2.18%
10/23/2016,"1,278.60","1,266.90","1,277.50","1,260.10",574.10K,0.86%
10/16/2016,"1,267.70","1,252.90","1,275.90","1,251.10",642.10K,0.97%
10/9/2016,"1,255.50","1,258.50","1,266.80","1,246.90",753.37K,0.29%
10/2/2016,"1,251.90","1,321.00","1,322.60","1,243.20",1.16M,-4.95%
9/25/2016,"1,317.10","1,340.50","1,343.50","1,316.00",372.53K,-1.66%
9/18/2016,"1,339.30","1,310.40","1,343.60","1,309.00",2.65K,2.41%
9/11/2016,"1,307.80","1,327.00","1,332.10","1,307.00",0.88K,-1.82%
9/4/2016,"1,332.10","1,327.30","1,354.70","1,327.30",0.39K,0.54%
8/28/2016,"1,324.90","1,320.60","1,328.60","1,304.00",3.20K,0.17%
8/21/2016,"1,322.60","1,341.00","1,344.90","1,317.40",55.25K,-1.46%
8/14/2016,"1,342.20","1,339.10","1,360.00","1,336.80",26.36K,0.25%
8/7/2016,"1,338.90","1,336.30","1,359.00","1,330.60",34.34K,-0.04%
7/31/2016,"1,339.50","1,352.70","1,369.70","1,335.40",34.73K,-1.01%
7/24/2016,"1,353.10","1,323.80","1,357.40","1,314.30",29.62K,2.10%
7/17/2016,"1,325.30","1,333.30","1,340.70","1,312.90",4.10K,-0.30%
7/10/2016,"1,329.30","1,376.20","1,376.20","1,323.00",3.46K,-2.29%
7/3/2016,"1,360.50","1,347.00","1,378.50","1,338.60",6.59K,1.50%
6/26/2016,"1,340.40","1,322.30","1,346.80","1,308.20",454.79K,1.36%
6/19/2016,"1,322.40","1,293.00","1,362.60","1,252.80",1.26M,2.13%
6/12/2016,"1,294.80","1,278.30","1,318.90","1,275.20",1.16M,1.48%
6/5/2016,"1,275.90","1,245.50","1,280.90","1,236.90",779.24K,2.66%
5/29/2016,"1,242.90","1,215.10","1,247.40","1,201.50",749.07K,2.15%
5/22/2016,"1,216.70","1,252.90","1,257.60","1,209.00",206.45K,-3.01%
5/15/2016,"1,254.40","1,275.20","1,290.30","1,246.00",3.47K,-1.52%
5/8/2016,"1,273.80","1,288.40","1,290.50","1,261.20",1.17K,-1.64%
5/1/2016,"1,295.10","1,294.10","1,305.20","1,275.00",0.72K,0.28%
4/24/2016,"1,291.50","1,234.50","1,298.30","1,231.30",440.42K,5.00%
4/17/2016,"1,230.00","1,236.30","1,272.40","1,228.50",1.01M,-0.37%
4/10/2016,"1,234.60","1,241.80","1,264.70","1,225.40",800.23K,-0.74%
4/3/2016,"1,243.80","1,223.00","1,245.00","1,215.70",705.26K,1.66%
3/27/2016,"1,223.50","1,216.50","1,246.80","1,207.20",506.55K,0.11%
3/20/2016,"1,222.20","1,256.50","1,260.00","1,212.20",5.35K,-2.60%
3/13/2016,"1,254.80","1,251.00","1,272.00","1,226.80",1.06K,-0.40%
3/6/2016,"1,259.90","1,267.20","1,283.80","1,240.10",0.94K,-0.88%
2/28/2016,"1,271.10","1,220.20","1,279.60","1,220.20",0.28K,4.13%
2/21/2016,"1,220.70","1,226.90","1,254.30","1,202.50",827.92K,-0.82%
2/14/2016,"1,230.80","1,236.30","1,240.60","1,191.50",869.63K,-0.69%
2/7/2016,"1,239.40","1,174.00","1,263.90","1,164.50",1.17M,7.06%
1/31/2016,"1,157.70","1,118.00","1,175.00","1,115.30",817.59K,3.70%
1/24/2016,"1,116.40","1,098.00","1,128.00","1,097.90",286.78K,1.86%
1/17/2016,"1,096.00","1,089.70","1,109.10","1,082.00",2.39K,0.49%
1/10/2016,"1,090.70","1,106.00","1,107.30","1,071.30",1.19K,-0.67%
1/3/2016,"1,098.10","1,062.50","1,109.70","1,062.50",0.91K,3.55%
12/27/2015,"1,060.50","1,075.20","1,076.50","1,059.00",158.55K,-1.43%
12/20/2015,"1,075.90","1,065.20","1,081.40","1,063.10",321.93K,1.02%
12/13/2015,"1,065.00","1,073.00","1,077.90","1,046.80",671.21K,-0.99%
12/6/2015,"1,075.70","1,085.50","1,086.10","1,061.70",630.65K,-0.77%
11/29/2015,"1,084.10","1,056.00","1,088.30","1,045.40",741.43K,2.64%
11/22/2015,"1,056.20","1,075.00","1,080.00","1,051.60",188.56K,-1.87%
11/15/2015,"1,076.30","1,087.60","1,096.50","1,065.70",0.74K,-0.45%
11/8/2015,"1,081.20","1,089.00","1,093.30","1,074.60",0.44K,-0.63%
11/1/2015,"1,088.10","1,141.10","1,141.10","1,085.00",0.21K,-4.70%
10/25/2015,"1,141.80","1,163.80","1,183.10","1,139.30",363.84K,-1.81%
10/18/2015,"1,162.80","1,176.90","1,181.40","1,158.60",623.68K,-1.72%
10/11/2015,"1,183.10","1,155.00","1,191.70","1,151.30",752.51K,2.35%
10/4/2015,"1,155.90","1,137.00","1,159.30","1,129.60",616.86K,1.70%
9/27/2015,"1,136.60","1,146.90","1,146.90","1,103.80",535.62K,-0.79%
9/20/2015,"1,145.60","1,138.30","1,154.90","1,121.00",0.63K,0.67%
9/13/2015,"1,138.00","1,107.40","1,139.50","1,102.50",0.11K,3.15%
9/6/2015,"1,103.30","1,117.50","1,124.50","1,103.90",0.07K,-1.59%
8/30/2015,"1,121.10","1,127.70","1,141.00","1,117.50",0.07K,-1.11%
8/23/2015,"1,133.70","1,159.20","1,169.10","1,116.60",40.11K,-2.20%
8/16/2015,"1,159.20","1,113.20","1,167.00","1,108.40",37.21K,4.21%
8/9/2015,"1,112.40","1,092.80","1,126.00","1,088.80",26.92K,1.70%
8/2/2015,"1,093.80","1,094.50","1,098.70","1,079.80",23.27K,-0.08%
7/26/2015,"1,094.70","1,099.70","1,104.20","1,079.10",20.00K,0.83%
7/19/2015,"1,085.70","1,131.30","1,131.40","1,073.00",4.41K,-4.11%
7/12/2015,"1,132.20","1,161.80","1,163.40","1,130.20",1.64K,-2.26%
7/5/2015,"1,158.40","1,164.50","1,174.10","1,146.60",1.08K,0.04%
7/2/2015,"1,157.90","1,173.20","1,174.40","1,145.90",751.02K,-0.53%
6/28/2015,"1,164.10","1,177.50","1,177.90","1,157.20",0.07K,-0.78%
6/21/2015,"1,173.20","1,199.70","1,200.80","1,167.10",564.61K,-2.39%
6/14/2015,"1,201.90","1,180.00","1,205.70","1,171.90",608.32K,1.93%
6/7/2015,"1,179.20","1,170.80","1,191.80","1,168.50",524.68K,0.95%
5/31/2015,"1,168.10","1,189.80","1,204.70","1,162.10",713.04K,-1.82%
5/24/2015,"1,189.80","1,205.70","1,208.50","1,180.20",253.35K,-1.21%
5/17/2015,"1,204.40","1,224.00","1,232.30","1,202.00",1.42K,-1.75%
5/10/2015,"1,225.80","1,189.30","1,226.80","1,180.10",0.38K,3.06%
5/3/2015,"1,189.40","1,178.10","1,197.80","1,177.50",0.13K,1.23%
4/26/2015,"1,175.00","1,179.30","1,214.90","1,171.20",364.84K,0.00%
4/19/2015,"1,175.00","1,204.40","1,209.00","1,174.10",668.39K,-2.34%
4/12/2015,"1,203.10","1,207.20","1,209.30","1,183.50",668.77K,-0.12%
4/5/2015,"1,204.60","1,212.60","1,224.50","1,192.40",543.19K,0.31%
3/29/2015,"1,200.90","1,198.60","1,208.70","1,178.20",513.20K,0.05%
3/22/2015,"1,200.30","1,183.90","1,219.70","1,179.20",3.35K,1.29%
3/15/2015,"1,185.00","1,157.00","1,186.70","1,142.50",0.94K,2.79%
3/8/2015,"1,152.80","1,170.00","1,174.50","1,147.10",0.70K,-1.03%
3/1/2015,"1,164.80","1,219.00","1,219.00","1,167.00",0.10K,-4.01%
2/22/2015,"1,213.50","1,203.50","1,215.90","1,190.00",337.92K,0.71%
2/15/2015,"1,204.90","1,227.50","1,236.70","1,197.20",527.94K,-1.81%
2/8/2015,"1,227.10","1,235.90","1,245.90","1,216.50",511.85K,-0.61%
2/1/2015,"1,234.60","1,283.00","1,286.50","1,228.20",756.98K,-3.49%
1/25/2015,"1,279.20","1,295.70","1,299.70","1,252.10",410.75K,-1.08%
1/18/2015,"1,293.20","1,280.10","1,307.40","1,273.80",2.55K,1.24%
1/11/2015,"1,277.40","1,225.30","1,281.90","1,218.90",2.02K,5.01%
1/4/2015,"1,216.50","1,196.40","1,223.70","1,189.10",0.65K,2.52%
12/28/2014,"1,186.60","1,194.90","1,199.60","1,171.60",85.94K,-0.73%
12/21/2014,"1,195.30","1,196.00","1,203.60","1,170.70",348.50K,-0.06%
12/14/2014,"1,196.00","1,222.00","1,225.00","1,182.00",764.07K,-2.17%
12/7/2014,"1,222.50","1,191.20","1,239.00","1,187.30",756.93K,2.70%
11/30/2014,"1,190.40","1,159.40","1,221.00","1,141.70",931.69K,1.27%
11/23/2014,"1,175.50","1,201.40","1,203.50","1,163.90",377.76K,-1.88%
11/16/2014,"1,198.00","1,182.80","1,207.00","1,175.00",2.56K,1.02%
11/9/2014,"1,185.90","1,177.90","1,193.10","1,147.50",1.30K,1.34%
,,,,,,
